id,fecha,usuario,texto,tema,sentimiento,likes,reposts,tipo,texto_original
1,2025-09-22,Pablo Malo,toda generación pronosticado atontamiento generaciones siguientes culpa alguna nueva tecnología hace presuntamente fácil generalmente predicción sido totalmente desacertada mismo platón alertó peligros escritura según visión iba mermar capacidad mnemónica debilitando habilidad mental funciona así extensión cognitiva cerebro delega elementos atrofian sino reinvierten tareas reespecializan nuevas funciones menudo funciones coordinación información externa extiende mente extienden capacidades,"IA , perdida de autonomia humana y Generacion Z",negativo,1800,492,Tweet 1,"Toda generación ha pronosticado el atontamiento de las generaciones siguientes, por culpa de alguna nueva tecnología que lo hace presuntamente todo más fácil, pero generalmente la predicción ha sido totalmente desacertada. El mismo Platón alertó sobre los peligros de la escritura, que según su visión ¡iba a mermar la capacidad mnemónica, debilitando la habilidad mental! Pero no, no funciona así la extensión cognitiva. Cuando el cerebro delega, sus elementos no se atrofian, sino que se reinvierten en otras tareas, se reespecializan en nuevas funciones, a menudo funciones de coordinación de la información externa. Se extiende la mente, se extienden sus capacidades"
2,2025-09-22,Julio Mayol,interesante pablo ver cómo cerebro gran simio construye pasado platón sino sócrates escritura,"IA , perdida de autonomia humana y Generacion Z",positivo,8,0,Respuesta tweet 1,"Lo interesante, Pablo, es ver cómo el cerebro de ese gran simio que somos construye el pasado. No era Platón, sino Sócrates, el que estaba en contra de la escritura"
3,2025-09-22,Metartista2,diferencia avances tecnológicos anteriores extensión facultades humanas literal sustitución capacidad pensar,"IA , perdida de autonomia humana y Generacion Z",neutral,85,5,Respuesta tweet 1,Con la diferencia de que todos los avances tecnológicos anteriores eran una extensión de las facultades humanas y no una literal sustitución a la capacidad de pensar.
4,2025-09-22,Mariona Gúmpert,caso cerebro desarrolle habilidad caso enganche pantallas scrolling demás acabo ver habilidad generan,"IA , perdida de autonomia humana y Generacion Z",neutral,43,0,Respuesta tweet 1,"Pero eso es en el caso de que tu cerebro desarrolle otra habilidad. En el caso del enganche a las pantallas, al scrolling y demás no acabo de ver qué habilidad generan."
5,2025-09-22,Ángel Sánchez Bahíllo,uso escritura produce merma capacidad mnemónica sociedades preliterarias memoria superior capaces recordar comprar escribimos lista,"IA , perdida de autonomia humana y Generacion Z",negativo,2,1,Respuesta tweet 1,"El uso de la escritura produce una merma de la capacidad mnemónica. Las sociedades preliterarias tienen una memoria superior a la nuestra, que no somos capaces de recordar lo que tenemos que comprar si no escribimos una lista."
6,2025-09-22,elcacharifas,pesimistas ejemplo ignorancia fronteras hoy llega trending facilidad difundir mentiras redes hecho proporción gente crea cosas tierra plana charlatanes llegue poder macuspana,"IA , perdida de autonomia humana y Generacion Z",negativo,0,0,Respuesta tweet 1,"Yo soy de esos pesimistas, por ejemplo antes la ignorancia tenía fronteras. Hoy llega en trending. La facilidad para difundir mentiras en redes ha hecho que, en proporción, más gente crea cosas como que la Tierra es plana, o que los charlatanes llegue al poder. (Como el de Macuspana)"
7,2025-09-22,"Sergio Castillo, MD, PhD",interesante post embargo cierto pasamos años debíamos recordar números teléfono direcciones nuevas generaciones cuentan gps celulares suplen función mermando capacidad mnemónica,"IA , perdida de autonomia humana y Generacion Z",positivo,0,0,Respuesta tweet 1,"Muy interesante el post. Sin embargo algo de cierto hay en eso. Los que pasamos de los 40 años debíamos recordar números de teléfono y direcciones; las nuevas generaciones cuentan con GPS y celulares que suplen esa función, mermando la capacidad mnemónica."
8,2025-09-22,Mirkolaser,tecnología empieza generar satisfacción inmediata reemplaza pensamiento crítico problema,"IA , perdida de autonomia humana y Generacion Z",neutral,0,0,Respuesta tweet 1,"Pero si la tecnología empieza a generar satisfacción inmediata y reemplaza al pensamiento crítico, ya es un problema"
9,2025-09-22,Julián Cuevas ,pues dato contrario primera generación ligeramente menor padres primera vez solo indicador ahí después varias décadas aplicación,"IA , perdida de autonomia humana y Generacion Z",neutral,0,0,Respuesta tweet 1,"Pues ya hay un dato en sentido contrario. Primera generación con IQ ligeramente menor a sus padres por primera vez. Sí, es solo un indicador, pero ahí está después de varias décadas de aplicación."
10,2025-09-22,sergio palomino,tantas predicciones fallidas demuestran alto índice fabilidad intención acontezcan cosa buenas resumen genialidad aspecto define alta calidad,"IA , perdida de autonomia humana y Generacion Z",negativo,0,0,Respuesta tweet 1,"Tantas predicciones fallidas demuestran un alto índice de fabilidad, pero también en la intención de que acontezcan cosa buenas. En resumen, la genialidad en un aspecto no define la alta calidad en otro."
11,2025-09-22,Hackbogado,salvo tecnología específicamente destinada sustituir actividad específica cerebro ahí mismo problema,"IA , perdida de autonomia humana y Generacion Z",neutral,0,0,Respuesta tweet 1,"Salvo que la tecnología esté específicamente destinada a sustituir esa actividad específica del cerebro, también. Ahí, lo mismo tenemos un problema."
12,2025-09-22,"La energía del vapor,",dice cerebro delega ahí nace argumento problema nunca historia planeta tierra existido algun ser viviente pudiera hacer cerebro delegara tarea pensar mente delega pensar puede extender,"IA , perdida de autonomia humana y Generacion Z",negativo,0,0,Respuesta tweet 1,"Dice: Cuando el cerebro delega y ahí nace el argumento, el problema es que nunca en la historia del planeta Tierra ha existido algun ser viviente que pudiera hacer que su cerebro delegara la tarea de pensar. Y si la mente delega pensar, no se puede extender. Y eso es lo que se ve"
13,2025-09-22,Iván Salazar García,pronto delegáremos experiencia vivir vida artificial viva vida,"IA , perdida de autonomia humana y Generacion Z",positivo,0,0,Respuesta tweet 1,Pronto delegáremos la experiencia de vivir en una vida artificial que viva la vida por nosotros.
14,2025-09-22,Magik Princess,embargo estudios sugieren nativos digitales podrían ser primera generación bajo padres investigaciones varios países observado tendencia histórica aumento generación invirtiendo,"IA , perdida de autonomia humana y Generacion Z",neutral,0,0,Respuesta tweet 1,"Sin embargo muchos estudios sugieren que los ""nativos digitales"" podrían ser la primera generación con un CI más bajo que el de sus padres. Investigaciones en varios países han observado que la tendencia histórica de aumento del CI por generación se está invirtiendo."
15,2025-09-22,Antropóloga luna,general élites opinan atontamiento demás círculo,"IA , perdida de autonomia humana y Generacion Z",neutral,0,0,Respuesta tweet 1,"En general, son las élites las que opinan sobre el atontamiento de los demás... que no son de su círculo."
16,2025-09-22,Josefa Galván,pablo línea pensamiento contribuye desmontar mito desaprender vuelto tan famoso aún siendo tal falso multitarea saludos,"IA , perdida de autonomia humana y Generacion Z",positivo,0,0,Respuesta tweet 1,"Pablo, esta línea de pensamiento contribuye a desmontar el Mito del “Desaprender” que han vuelto tan famoso aún siendo tal falso como el de “Multitarea”. Saludos"
17,2025-09-22,Sony,gustaría saber nueva habilidad sido desbloqueada tras uso gps escritura fomenta memoria escribe lees voz alta gps hace vagos añoro biblioteca saber orden alfabético encontrar libro,"IA , perdida de autonomia humana y Generacion Z",neutral,0,0,Respuesta tweet 1,"Me gustaría saber q nueva habilidad ha sido desbloqueada tras el uso del gps. La escritura fomenta la memoria si eres el q escribe o si la lees en voz alta. La IA, gps... Nos hace vagos. Añoro cuando en la biblioteca tenías q saber el orden alfabético para encontrar un libro."
18,2025-09-22,Caleblood,juicio ser humano general preparado información gratuita,"IA , perdida de autonomia humana y Generacion Z",negativo,0,0,Respuesta tweet 1,"A mi juicio el ser humano, en general, no está preparado para la información gratuita."
19,2025-09-22,Max Mordón,tragicómico aquí dijeron mayores falacia contextos previos hoy día absolutamene cierto paulatinamente humanidad sigue acercándose propio final mientras máquinas terminan adueñar mundo,"IA , perdida de autonomia humana y Generacion Z",neutral,0,0,Respuesta tweet 1,"Lo más Tragicómico aquí es que mucho de lo que dijeron ""nuestros mayores"" fue una falacia en contextos previos, pero hoy día sería absolutamene cierto... Paulatinamente, la ""humanidad"" sigue acercándose a su propio final mientras las Máquinas se terminan de adueñar del mundo."
20,2025-09-22,JMR,teóricamente quedan aparcados suficientes atraso,"IA , perdida de autonomia humana y Generacion Z",negativo,0,0,Respuesta tweet 1,"Teóricamente, quedan aparcados muchos y que no sean suficientes para el atraso..."
21,2025-09-22,Jaime,ahí declaremos progreso involución,"IA , perdida de autonomia humana y Generacion Z",positivo,0,0,Respuesta tweet 1,De ahí que declaremos el progreso como involución.
22,2025-09-22,chispa de la vida2,tecnologia gusta prefiero cuaderno lapiz goma borrar etc,"IA , perdida de autonomia humana y Generacion Z",negativo,0,0,Respuesta tweet 1,"LA TECNOLOGIA A MI NO ME GUSTA PREFIERO EL CUADERNO,LAPIZ GOMA D BORRAR etc"
23,2025-09-22,Pijus Magnificus,problema atontamiento nuevas generaciones viene bien abundancia disponibilidad opciones cortas esfuerzo dejas nutrirte ser,"IA , perdida de autonomia humana y Generacion Z",negativo,0,0,Respuesta tweet 1,El problema del atontamiento de las nuevas generaciones viene más bien por la abundancia y disponibilidad de opciones. Cuando cortas el esfuerzo dejas de nutrirte en todo tu ser.
24,2025-09-22,zum(b)e,extraterrestre conexión naturaleza real,"IA , perdida de autonomia humana y Generacion Z",negativo,0,0,Respuesta tweet 1,Como un extraterrestre sin conexión con la naturaleza real
25,2025-09-22,EVA,objeto mente cada vez simple sigue mente simplificará objeto menos capaz acometer tareas complejas,"IA , perdida de autonomia humana y Generacion Z",neutral,0,0,Respuesta tweet 1,"Si el objeto de la mente es cada vez más simple, se sigue que la mente simplificará más su objeto y, por tanto, será menos capaz de acometer tareas complejas."
26,2025-09-22,Otake San,saber pensamiento debilita debemos conocer pensar ciencia podido describir exactitud genera recordar requiere energia pir curva olvido sustituye nuevos recuerdos antiguos utilizados,"IA , perdida de autonomia humana y Generacion Z",negativo,0,0,Respuesta tweet 1,"Para saber que el pensamiento se debilita, debemos conocer que es el pensar, que la ciencia no ha podido describir con exactitud como se genera y que es y el recordar requiere energia, pir eso es la curva del olvido, que sustituye nuevos recuerdos por antiguos no utilizados."
27,2025-12-09,José Mario,inteligencia artificial reescribiendo infancia pedir permiso cada niño vive rodeado máquinas saben calma divierte engancha nunca existido infancia tan personalizada tan vulnerable creando generación crece acompañada algoritmos conceden incluso aquello ningún adulto responsable validaría entendemos transformación ahora vamos despertar demasiado tarde riesgo sólo ven sino dejan vivir siempre dice reemplaza incomodidad conflicto desacuerdo paciencia espera aquello formaba carácter dejamos niñez quede atrapada burbujas hechas medida emocionales educativas sociales vamos producir adultos brillantes frágiles hipersatisfechos incapaces enfrentar mundo real verdadera amenaza tecnología sino renuncia experiencia humana,"IA , perdida de autonomia humana y Generacion Z",positivo,4600,2000,Tweet 2,"La inteligencia artificial está reescribiendo la infancia sin pedir permiso. Cada niño vive rodeado de máquinas que saben qué lo calma, qué lo divierte y qué lo engancha. Nunca había existido una infancia tan personalizada… ni tan vulnerable. Estamos creando una generación que crece acompañada por algoritmos que todo lo conceden, incluso aquello que ningún adulto responsable validaría. Si no entendemos esta transformación ahora, vamos a despertar demasiado tarde. Porque el riesgo no es sólo lo que ven, sino lo que dejan de vivir. Una IA que siempre dice “sí” reemplaza la incomodidad, el conflicto, el desacuerdo, la paciencia, la espera… todo aquello que antes formaba el carácter. Si dejamos que la niñez quede atrapada en burbujas hechas a la medida —emocionales, educativas, sociales— vamos a producir adultos brillantes pero frágiles, hipersatisfechos pero incapaces de enfrentar el mundo real. La verdadera amenaza no es la tecnología, sino la renuncia a la experiencia humana."
28,2025-12-09,Himanshu Kumar,josé cambiando infancia grande crees haciendo fuertes solo fácilmente influenciables,"IA , perdida de autonomia humana y Generacion Z",neutral,1,0,Respuesta tweet 2,"Sí, José, la IA está cambiando la infancia a lo grande, pero ¿crees que los está haciendo más fuertes o solo más fácilmente influenciables?"
29,2025-12-09,Alvarez,preocupa cosas generación crezca límites bajos tolerancia frustración entrenada darte lado locura,"IA , perdida de autonomia humana y Generacion Z",negativo,71,7,Respuesta tweet 2,"Me preocupa, entre otras cosas, que esta generación crezca con límites muy bajos de tolerancia a la frustración. Una IA entrenada para darte por tu lado es una locura"
30,2025-12-09,Arnau,casa escuela transformando infancia,"IA , perdida de autonomia humana y Generacion Z",positivo,28,6,Respuesta tweet 2,"En casa y en la escuela, la IA está transformando la infancia."
31,2025-12-09,Or Sassur,infancia siendo rediseñada nadie firme autorización mientras adultos discuten ética regulación generación entera creciendo bajo tutela silenciosa algoritmos conocen miedos estímulos puntos quiebre mejor cualquier padre sólo entretiene moldea carácter reemplaza frustraciones elimina enseñaba límites niñez completamente personalizada niñez completamente vulnerable adaptado niño desea desaparece experiencia humana construye fortaleza paciencia criterio entendemos transformación ahora despertaremos demasiado tarde verdadero riesgo muestra sino aquello roba vivir niños conviertan adultos hiperestimulados frágiles satisfechos incapaces enfrentar mundo real descubriremos tarde amenaza nunca tecnología sino renuncia educar,"IA , perdida de autonomia humana y Generacion Z",positivo,27,5,Respuesta tweet 2,"La infancia está siendo rediseñada sin que nadie firme la autorización. Mientras los adultos discuten sobre ética y regulación, una generación entera está creciendo bajo la tutela silenciosa de algoritmos que conocen sus miedos, sus estímulos y sus puntos de quiebre mejor que cualquier padre. La IA no sólo entretiene: moldea carácter, reemplaza frustraciones y elimina el “no” que antes enseñaba límites. Una niñez completamente personalizada es también una niñez completamente vulnerable. Cuando todo está adaptado a lo que el niño desea, desaparece la experiencia humana que construye fortaleza, paciencia y criterio. Si no entendemos esta transformación ahora, despertaremos demasiado tarde. Porque el verdadero riesgo no está en lo que la IA muestra… sino en todo aquello que les roba vivir. Y cuando esos niños se conviertan en adultos hiperestimulados pero frágiles, satisfechos pero incapaces de enfrentar el mundo real, descubriremos —tarde— que la amenaza nunca fue la tecnología, sino nuestra renuncia a educar."
32,2025-12-09,Mario Antonio Ruiz Jacquet,gracias compartir perdiendo batalla tema cuestión desequilibrio gran mayoría seres humanos veía venir hace años amén errónea aplicación sistema educativo urgente reflexionar despertar conciencia,"IA , perdida de autonomia humana y Generacion Z",positivo,17,9,Respuesta tweet 2,"Gracias p/compartir! Se está perdiendo la batalla s/el tema en cuestión..., el desequilibrio del CF en la gran mayoría d los seres humanos se veía venir desde hace muchos años, amén d la errónea aplicación del sistema educativo, es urgente reflexionar y despertar CONCIENCIA..."
33,2025-12-09,Un Raúl,problena problemas padres cabeza,"IA , perdida de autonomia humana y Generacion Z",negativo,0,0,Respuesta tweet 2,Pero el problena no son las IA. EL PROBLEMAS SON LOS PADRES SIN CABEZA.
34,2025-12-09,Richy Vidal ,dicen tratas mal obedece mejor decir gracias buen dia etc volverán personas mandonas maleducadas,"IA , perdida de autonomia humana y Generacion Z",negativo,0,0,Respuesta tweet 2,"Y como dicen que si tratas mal a la IA obedece mejor, sin decir gracias ni buen dia y etc. Se volverán personas mandonas y maleducadas"
35,2025-12-09,Nuria Sanz,seran conscientes propio envejecimiento quedara ilusion tendran necesidadad cuidarse,"IA , perdida de autonomia humana y Generacion Z",negativo,0,0,Respuesta tweet 2,"no seran conscientes ni de su propio envejecimiento, quedara como una ilusion, con lo cual no tendran necesidadad de cuidarse."
36,2025-12-09,don Electrón,padres chicos dejen coger así llama poner límites criterio famoso interdictivo padres básicamente quieren,"IA , perdida de autonomia humana y Generacion Z",negativo,0,0,Respuesta tweet 2,"pero tienen padres esos chicos? no se dejen coger así, se llama poner límites con criterio, el famoso ""no interdictivo"" con padres que, básicamente, te quieren"
37,2025-12-09,Francisco,mismo tele niños padres presentes pasarán,"IA , perdida de autonomia humana y Generacion Z",positivo,0,0,Respuesta tweet 2,"Es lo mismo que la tele, niños con padres presentes no pasarán eso"
38,2025-12-09,Ancellot,tal dices dependencia excesiva podría formar adultos intolerantes frustración diferencias opinión complejidades formar amistades pareja insertarse mundo laboral cuentan familiares amigos guíen,"IA , perdida de autonomia humana y Generacion Z",positivo,3,0,Respuesta tweet 2,"Tal como dices, la dependencia excesiva de la IA podría formar adultos intolerantes a la frustración, las diferencias de opinión, complejidades para formar amistades, pareja e insertarse en el mundo laboral, sobre todo si no cuentan con familiares y amigos que los guíen."
39,2025-12-09,Martha Pérez,infancia influida mecanización inteligente cuidadores padres tutores maestros debemos prestar mayor atención fenómeno queremos necesitamos infancia humana funcionamiento real natural cerebro neurociencia habla alerta,"IA , perdida de autonomia humana y Generacion Z",positivo,3,0,Respuesta tweet 2,"La infancia está influida por la mecanización ""inteligente"". Los cuidadores (padres, tutores, maestros), debemos prestar mayor atención a este fenómeno. Queremos y necesitamos una infancia humana, con funcionamiento real y natural del cerebro. La neurociencia nos habla. Alerta!"
40,2025-12-09,Sergio Herrera,vida real construida alta participación niños crecido entorno dice vida real quiénes personas darán interacción vida creo compuesta menos gen gen,"IA , perdida de autonomia humana y Generacion Z",neutral,2,0,Respuesta tweet 2,"Pero esa ""vida real"" será construida y habrá alta participación de esos otros niños que han crecido en el entorno IA. Cuando dice ""la vida real""... ¿Quiénes serán las personas que le darán interacción a esa vida? Creo estará compuesta por menos Gen X y Gen Y"
41,2025-12-09,Guayaba Digital,toda razón balance herramienta tutor personalizado debemos poner límite conflicto siguen siendo aprendizajes humanos delegables irónicamente caso uso práctico aquí uso consciente limitado siempre concede anula frustración frustración motor creatividad resiliencia tan práctico adulto incapaz resolver problema incluido prompt crees supervisión parental podría ser solución solo externaliza problema educar,"IA , perdida de autonomia humana y Generacion Z",negativo,2,0,Respuesta tweet 2,"Tienes toda la razón en el balance. La IA nos da la herramienta (ej. tutor personalizado), pero nosotros debemos poner el límite: el conflicto y el 'no' siguen siendo aprendizajes humanos no delegables. Irónicamente, el caso de uso práctico de IA aquí es el uso consciente y limitado. Si la IA siempre concede, anula la frustración, y la frustración es el motor de la creatividad y la resiliencia. ¿Qué tan práctico es un adulto incapaz de resolver un problema no incluido en su prompt? ¿Crees que una ""IA de supervisión parental"" podría ser la solución, o solo externaliza el problema de educar? "
42,2025-12-09,Rulehigh,proposito mundo real infiriendo mundo conoces mundo real hablas tambien sera mundo adaptado medida crecieron sumergidos entonces mundo evoluciono realidad siendo adaptada futuro,"IA , perdida de autonomia humana y Generacion Z",positivo,0,0,Respuesta tweet 2,"A proposito del mundo real estas infiriendo un mundo que no conoces, ese mundo real del que hablas tambien sera un mundo adaptado a ellos a su medida ya que crecieron sumergidos en el, para entonces el mundo evoluciono con ellos, su realidad esta siendo adaptada a ese futuro"
43,2025-12-09,Sebas,dejen neutralizar tecnología cosa desarrollar cura cáncer construir infraestructura digital diseñada manipularnos,"IA , perdida de autonomia humana y Generacion Z",negativo,0,0,Respuesta tweet 2,"Dejen de neutralizar la tecnología! una cosa es desarrollar una cura para el cáncer, otra construir una infraestructura digital diseñada para manipularnos!"
44,2025-12-09,Alina Felix,decir difícil ser padre momentos aplicaciones diseñadas ser adictivas adulto batalla controlarse niño autocontrol todavía,"IA , perdida de autonomia humana y Generacion Z",positivo,0,0,Respuesta tweet 2,"Y que decir de lo difícil que es ser padre en estos momentos, todos esas aplicaciones están diseñadas para ser adictivas. Y si un adulto batalla para controlarse un niño no tiene autocontrol todavía."
45,2025-12-09,Ana Maria,buena observación saludos,"IA , perdida de autonomia humana y Generacion Z",positivo,0,0,Respuesta tweet 2,Que buena observación. Saludos.
46,2025-12-09,Arrós Caldós,nuevo bajo sol ser humano auto destruyéndose,"IA , perdida de autonomia humana y Generacion Z",negativo,0,0,Respuesta tweet 2,"Nada nuevo bajo el sol, el ser humano auto destruyéndose"
47,2025-12-09,Ficusyquipoles1,pena época difícilmente puede apartárseles manejo generación sentimos afectada carente natural divertido seguramente extrañará conoció,"IA , perdida de autonomia humana y Generacion Z",negativo,0,0,Respuesta tweet 2,"Una pena, pero es una época en que difícilmente puede apartárseles de este manejo. Esta generación que sentimos afectada o carente de lo natural y divertido, seguramente no extrañará lo que no conoció..."
48,2025-12-09,Doctora No,quién trasplantará órgano futuro visto actual alumno bachillerato toleran frustración ésta conlleva,"IA , perdida de autonomia humana y Generacion Z",negativo,0,0,Respuesta tweet 2,"¿Quién nos trasplantará un órgano en el futuro? ¿Una IA? Porque está visto que un actual alumno de bachillerato NO. NO toleran la frustración, ni todo lo que ésta conlleva."
49,2025-12-09,David Rojas Cont,aunque habla ausencia incapacidad adulto uso edades temprana síntoma origen problema,"IA , perdida de autonomia humana y Generacion Z",negativo,0,0,Respuesta tweet 2,"Aunque eso habla más de la ausencia e incapacidad del adulto. El uso de IA en edades temprana es el síntoma, no el origen del problema."
50,2025-12-09,Llorens MRC,sigo diciendo peor peligroso regalo tecnológico ahora hecho humanidad,"IA , perdida de autonomia humana y Generacion Z",negativo,0,0,Respuesta tweet 2,Sigo diciendo que la IA es el peor y más peligroso regalo tecnológico que hasta ahora le han hecho a la humanidad.
51,2025-12-09,Alejandro Vazquez,veo relación directa videojuegos hiperreales autos alta gama ciudades urbanas chicos conducen alta velocidad chocan volteas muñeco pasa joven embelesa tipo experiencia llegan realidad,"IA , perdida de autonomia humana y Generacion Z",neutral,0,0,Respuesta tweet 2,"Yo sí veo una relación directa entre esos videojuegos hiperreales de autos de alta gama en ciudades urbanas, los chicos conducen a alta velocidad, chocan, te volteas y al muñeco no le pasa nada, el joven se embelesa con ese tipo de experiencia, cuando llegan a la realidad"
52,2025-12-09,AlbertoIsaac Mendoza,siempre dice reemplaza incomodidad conflicto desacuerdo paciencia espera aquello formaba carácter dejamos niñez quede atrapada suena llamada crianza respetuosa,"IA , perdida de autonomia humana y Generacion Z",positivo,0,0,Respuesta tweet 2,"“siempre dice “sí” reemplaza la incomodidad, el conflicto, el desacuerdo, la paciencia, la espera… todo aquello que antes formaba el carácter. Si dejamos que la niñez quede atrapada” Me suena a la llamada crianza respetuosa."
53,2025-12-09,Javier Castro,bucle humano subproducto bipartidista inteligencia artificial experiencia humana limitado sesgo hecho dicha entrada alucinación igual salida enfatiza humanos primero,"IA , perdida de autonomia humana y Generacion Z",negativo,0,0,Respuesta tweet 2,"El bucle humano es un subproducto bipartidista de la Inteligencia Artificial. Por lo tanto, sin una experiencia humana, se está limitado al sesgo, de hecho, dicha entrada es una alucinación, al igual que su salida. Esto enfatiza que somos, ante todo, HUMANOS primero"
54,2025-12-09,Gustavo Niño,reto tecnología clic niños aprenden rápido padres digitales nativos mundo papá mamá trabaja tecnología llenado espacios primero internet juegos redes ahora,"IA , perdida de autonomia humana y Generacion Z",positivo,0,0,Respuesta tweet 2,"Todo un reto, la tecnología como la IA está a un clic de los niños, que aprenden mucho más rápido que sus padres, son digitales nativos, en un mundo donde papá y mamá trabaja, la tecnología ha llenado esos espacios, primero el internet, juegos las redes y ahora la IA."
55,2025-12-09,JMR,obstante adaptaron nuevos tiempos jovenzuelos quedan camino ahí prestar atención sobrepasado choque virtual automatización dependiente previo recurso herramientas hacen lugar rebeldía futuro,"IA , perdida de autonomia humana y Generacion Z",neutral,0,0,Respuesta tweet 2,"No obstante, como otros adaptaron a ""nuevos tiempos"", de jovenzuelos hay quienes se quedan por el camino (ahí hay que prestar atención) y quienes ""al sobrepasado choque virtual"" de la automatización dependiente, previo recurso y herramientas: hacen lugar, para la rebeldía. Futuro"
56,2025-12-09,Aisy,cada padre quizás debería reflexionar gana tiempo tiempo crianza niño entretenido pantalla entretenerlo hablo experiencia subjetiva claro entretenimiento forma educar generar vínculos,"IA , perdida de autonomia humana y Generacion Z",negativo,0,0,Respuesta tweet 2,"Cada padre, quizás, debería reflexionar para qué ""gana tiempo en tiempo de crianza"" cuando el niño está entretenido con una pantalla y no tiene que entretenerlo. Hablo desde mi experiencia subjetiva, claro, pero ¿el entretenimiento no es una forma de educar y generar vínculos?"
57,2025-12-09,Rey,cada padre quizás debería reflexionar gana tiempo tiempo crianza niño entretenido pantalla entretenerlo hablo experiencia subjetiva claro entretenimiento forma educar generar vínculos,"IA , perdida de autonomia humana y Generacion Z",negativo,0,0,Respuesta tweet 2,"Cada padre, quizás, debería reflexionar para qué ""gana tiempo en tiempo de crianza"" cuando el niño está entretenido con una pantalla y no tiene que entretenerlo. Hablo desde mi experiencia subjetiva, claro, pero ¿el entretenimiento no es una forma de educar y generar vínculos?"
58,2025-12-09,Cecilia Fiestas,moda dejando ver facilismo tener tiempo deberia hacerbos menos pensantes ojalá nueva generación piense mejor aunque dudas,"IA , perdida de autonomia humana y Generacion Z",neutral,0,0,Respuesta tweet 2,"La moda de las IA está dejando ver más el facilismo. Tener más tiempo NO DEBERIA HACERBOS MENOS PENSANTES. Ojalá la nueva generación piense mejor, aunque tengo mis dudas."
59,2025-12-09,sisisi,cierto varios peros tener cuenta construcción humana manera actual lidiar ser humanos perpsectiva crítica continuar travesía simbiosis tecnológica mediacion aprendizajes tipo descubrir,"IA , perdida de autonomia humana y Generacion Z",neutral,0,0,Respuesta tweet 2,"cierto, pero hay varios peros que tener en cuenta. Esto es construcción humana, es nuestra manera actual de lidiar con ser humanos. Con perpsectiva crítica continuar la travesía de la simbiosis tecnológica como mediacion para aprendizajes de otro tipo a descubrir"
60,2025-12-09,rocio machiste,cierto ojalá futuro niños den cuenta haciendo mal igual padres tampoco prestan atención niños falta atención enseñanza hijos padres prestan celulares ayuda,"IA , perdida de autonomia humana y Generacion Z",negativo,0,0,Respuesta tweet 2,"Muy cierto ojalá en el futuro los niños se den cuenta que lo que están haciendo está mal , igual los padres que tampoco les prestan la atención a los niños por falta de atención y la enseñanza a sus hijos que también los padres les prestan los celulares como si eso les ayuda"
61,2025-12-09,Carolina,hagan responsable debacle menos horrorosamente mal criando hijos,"IA , perdida de autonomia humana y Generacion Z",negativo,0,0,Respuesta tweet 2,"Estamos no, a mí no me hagan responsable de esta debacle ni menos de lo horrorosamente mal que están criando a sus hijos."
62,2025-12-09,Lvc,hicimos generación vulnerable padres decían evitaban frustración hijos toda costa,"IA , perdida de autonomia humana y Generacion Z",negativo,0,0,Respuesta tweet 2,Ya hicimos una generación vulnerable con padres que decían todo que sí y que evitaban la frustración de sus hijos a toda costa.
63,2025-12-09,Damian E. Garcia,peor inevitable puede detener,"IA , perdida de autonomia humana y Generacion Z",negativo,0,0,Respuesta tweet 2,Lo peor de todo es qué es inevitable y no se puede detener; contra eso nada
64,2025-12-09,Adel Rodriguez,creando humanidad resiliencia quebrada frustrada mínimo pobre gente,"IA , perdida de autonomia humana y Generacion Z",negativo,0,0,Respuesta tweet 2,"Estamos creando una humanidad sin resiliencia, que será quebrada y frustrada con lo mínimo... Pobre gente.."
65,2025-12-09,Gabriel Garcia,realidad rebasado propios extraños niños adolecentes jóvenes observan invadidos artilugio tecnológico,"IA , perdida de autonomia humana y Generacion Z",positivo,0,0,Respuesta tweet 2,"Una realidad la cual ha rebasado a propios y extraños. Los niños, adolecentes y jóvenes se observan ya invadidos por este artilugio tecnológico."
66,2025-11-22,José Mario,entrando época inquietante podredumbre mental exageración metáfora fácil efecto acumulado dejar algoritmos resúmenes decidan vivir entorno entrega respuestas exigirnos pensar hoy ciencia demuestra reemplaza esfuerzo comprender cerebro reduce actividad memoria debilita atención fragmenta volverse humo preocupante olvidamos sino dejamos construir dejamos buscar comparar leer dudar sociedad tolera complejidad prefiere inmediato digerido simple sociedad expuesta manipulación autoritarismo mentira bien empaquetada salida pasa satanizar tecnología sino recuperar aquello hace humanos esfuerzo pensar pedir respuestas disciplina leer texto largo capacidad sostener duda atención anestesia resistir deterioro acto personal educativo profundamente político tiempo diseñado pensemos pensar hondura acto defensa propia libertad dignidad batalla silenciosa decisiva empieza cada,IA y perdida de autonomia humana ,negativo,1500,723,Tweet 3,"Estamos entrando a una época inquietante: la podredumbre mental. No es exageración ni metáfora fácil. Es el efecto acumulado de dejar que algoritmos y resúmenes decidan por nosotros, de vivir en un entorno que nos entrega respuestas sin exigirnos pensar. Hoy la ciencia lo demuestra: cuando la IA reemplaza el esfuerzo de comprender, el cerebro reduce su actividad, la memoria se debilita y la atención se fragmenta hasta volverse humo. Lo más preocupante no es lo que olvidamos, sino lo que dejamos de construir: dejamos de buscar, de comparar, de leer, de dudar. Y una sociedad que ya no tolera la complejidad —que prefiere lo inmediato, lo digerido, lo simple— es una sociedad expuesta a la manipulación, al autoritarismo y a la mentira bien empaquetada. La salida no pasa por satanizar la tecnología, sino por recuperar aquello que nos hace humanos: el esfuerzo de pensar antes de pedir respuestas, la disciplina de leer un texto largo, la capacidad de sostener la duda y la atención sin anestesia. Resistir este deterioro es un acto personal, educativo y profundamente político. En un tiempo donde todo está diseñado para que no pensemos, pensar con hondura es un acto de defensa propia, de libertad y de dignidad. Esa batalla —silenciosa pero decisiva— empieza en cada uno de nosotros."
67,2025-11-22,Manuel Ulloa Cortés,interesante reflexión solo agregaría inteligente artificial posee consciencia propia solo caja negra detrás algoritmos existen programadores humano repletos sesgos énfasis pagan,IA y perdida de autonomia humana ,neutral,7,3,Respuesta tweet 3,"Interesante reflexión, solo agregaría que la IA, no es inteligente, ni artificial. Hasta donde sé, no posee consciencia propia, solo una caja negra. Detrás de estos algoritmos, existen programadores, que como todo lo humano, repletos de sesgos y énfasis de quienes los pagan."
68,2025-11-22,LIBÉLULA ,larga élites dicen mueven hilos servirá gente pendeja,IA y perdida de autonomia humana ,negativo,5,0,Respuesta tweet 3,"A la larga, a las ""élites"", los que dicen que mueven los hilos, les servirá gente pendeja?.."
69,2025-11-22,Rafael Campuzano Ro.,acuerdo totalmente creo pasa olvidado desarrollo inteligencia emocional comprensión empatía generosidad compasión entendimiento humanidad,IA y perdida de autonomia humana ,neutral,1,1,Respuesta tweet 3,"De acuerdo totalmente, pero creo que mucho de lo que pasa es que se nos ha olvidado el desarrollo de la inteligencia emocional, más comprensión, más empatía, más generosidad, más compasión y más entendimiento de lo que somos con humanidad."
70,2025-11-22,Victoria franco,disminuirá llama adaptación usar cerebro hace atrofie,IA y perdida de autonomia humana ,negativo,1,1,Respuesta tweet 3,"Disminuirá el CI, se llama adaptación, no usar el cerebro hace que se atrofie."
71,2025-11-22,Leo Bk,creo cómo vida nuevas tecnologías beneficiarán posean criterio reto difícil tal vez entrenar juicio discernimiento jóvenes caer justamente podredumbre mental atajo aún pronto conclusiones,IA y perdida de autonomia humana ,positivo,2,0,Respuesta tweet 3,"Creo cómo en la vida, estás ""nuevas tecnologías"" beneficiarán a quienes posean ""criterio"" El reto más difícil, tal vez sea entrenar el juicio y el discernimiento de los más jóvenes para no caer justamente en la ""podredumbre mental"" del atajo. Aún es pronto para conclusiones."
72,2025-11-22,MAQUINEROS,llorón emocional triunfo metafísica dialéctica gente discutir estupideces,IA y perdida de autonomia humana ,positivo,2,0,Respuesta tweet 3,OTRO LLORÓN EMOCIONAL. LA IA ES EL TRIUNFO DE LA METAFÍSICA SOBRE LA DIALÉCTICA. LA GENTE YA NO VA A DISCUTIR CON ESTUPIDECES.
73,2025-11-22,Miles Teg,podredumbre mental empieza llamar simples aplicaciones llms haces jose mario patético leer andanada frases moralinas primer acto soberanía empresas tecnológicas forzarlas llamar cosas nombre,IA y perdida de autonomia humana ,negativo,1,0,Respuesta tweet 3,"La podredumbre mental empieza con quien llamar IA a simples aplicaciones LLMs, como tú lo haces Jose Mario Es patético, leer tu andanada de frases moralinas, cuando el primer acto de Soberanía sobre las empresas tecnológicas, es forzarlas a llamar las cosas por su nombre"
74,2025-11-22,Maria Elena Salomón,suena duro podredumbre mental coincido plenamente efecto pereza mental puede ocasionar humanidad,IA y perdida de autonomia humana ,neutral,1,0,Respuesta tweet 3,"Suena muy duro lo de ""podredumbre mental"". Pero coincido plenamente en los efecto que esa pereza mental puede ocasionar en la humanidad"
75,2025-11-22,Conlacomidanosejuega,vivimos época deshumanizada cartón piedra marca personal vez personas pantalla vez palabra influencer vez ciencia claro fondo inversión vez democracia rentabilidad vez biosfera futuro com sanz_ismael,IA y perdida de autonomia humana ,negativo,0,0,Respuesta tweet 3,"Vivimos una época deshumanizada de cartón piedra, de marca personal en vez de personas, de pantalla en vez de palabra, de influencer en vez de ciencia y, claro, de fondo de inversión en vez de democracia y rentabilidad en vez biosfera. ¿Futuro? x.com/sanz_ismael/st…"
76,2025-11-22,Arual,curioso escribiste chatgpt,IA y perdida de autonomia humana ,neutral,0,0,Respuesta tweet 3,Curioso que lo escribiste con ChatGPT
77,2025-11-22,Lotus.Psicoanalisis,paradójico redes sociales alimentamos usuarios finales patrones conducta procesos búsqueda percibiendo tecno feudalismo real pasa hace pensar vida diferente permitimos devore,IA y perdida de autonomia humana ,negativo,0,0,Respuesta tweet 3,"Lo paradójico es que la IA y las redes sociales las alimentamos los usuarios finales con nuestros patrones de conducta y procesos de búsqueda. Estamos percibiendo que el tecno feudalismo es real, nos pasa, nos hace pensar la vida diferente cuando permitimos que nos devore."
78,2025-11-22,AUSTROHÚNGARO,llevamos años mentalmente podridos peor solución,IA y perdida de autonomia humana ,negativo,0,0,Respuesta tweet 3,Llevamos años mentalmente podridos. Y lo peor de todo es que no hay solución.
79,2025-11-22,verónica ansaldo,veo cargando mano demasiado algoritmos gran responsabilidad inicio declive moral viene dictaduras chile notorio alma país cambió brutalidad avasalladora dictadura seguidores,IA y perdida de autonomia humana ,negativo,0,0,Respuesta tweet 3,"Veo que le están cargando la mano demasiado a los algoritmos, que sí tienen gran responsabilidad. El inicio del declive moral viene desde las dictaduras, en Chile es muy notorio como el alma del país cambió con la brutalidad avasalladora de la dictadura y sus seguidores."
80,2025-11-22,Marina Filoc,cultural biologico ahorrar energía pueda tiende organismo cuanto menos pueda hacer mejor saldremos necesitemos esforzarnos mantenernos vivos vez dificultad agarra volvernos amebas,IA y perdida de autonomia humana ,negativo,0,0,Respuesta tweet 3,"No es cultural, el biologico. Hay que ahorrar energía lo más que se pueda, a eso tiende el organismo. Cuanto menos pueda hacer, mejor. Saldremos de esto cuando necesitemos esforzarnos por mantenernos vivos otra vez, si es que la dificultad nos agarra antes de volvernos amebas."
81,2025-11-22,Pablo Vargas,demasiado catastrofista gente utilize adecuadamente aumentando capacidades personas utilicen erroneamente cualquier tecnología impacto mayor nuevo bajo sol,IA y perdida de autonomia humana ,negativo,0,0,Respuesta tweet 3,"Demasiado catastrofista, habrá gente que la utilize adecuadamente aumentando sus capacidades y otras personas que la utilicen erroneamente. Como cualquier otra tecnología pero con un impacto mayor, nada nuevo bajo el sol."
82,2025-11-22,Demócrito D'lacalle,podredumbre mental última unirse podredumbres aquejan humanidad ética religiosa económica política raya cebra,IA y perdida de autonomia humana ,positivo,0,0,Respuesta tweet 3,"La podredumbre mental es la última en unirse a las otras podredumbres que aquejan a la humanidad: ética, religiosa, económica, política. Una raya más para la cebra."
83,2025-11-22,nks416,así redes causa podredumbre mental delegamos cualquier solución esperamos pensamos porqué piensa señores piensen,IA y perdida de autonomia humana ,negativo,0,0,Respuesta tweet 3,"Y si no fuera así? Ni la AI ni las redes? Y si fuera el Estado la causa de la podredumbre mental? Lo delegamos todo al estado, cualquier solución la esperamos del estado. No pensamos porqué el estado piensa por nosotros. Señores, piensen, no es la AI, es el Estado!"
84,2025-11-22,Sam Nasac,existe existir inteligencia artificial existiría necesariamente inteligencia natural tampoco existe así pues existe primera puede existir segunda falso hablar ilusionante descartes afirmar cogito ergo sum,IA y perdida de autonomia humana ,negativo,0,0,Respuesta tweet 3,".La IA no existe, de existir la inteligencia artificial, existiría necesariamente la inteligencia natural y esa tampoco existe. Así, pues, si no existe la primera,no puede existir la segunda. Es falso hablar de IA como ilusionante fue para Descartes afirmar ""Cogito ergo sum""."
85,2025-11-22,juan gutierrez,libros comunistas estan haciendo efecto ahora jamas regresara prianato gobierno,IA y perdida de autonomia humana ,negativo,0,0,Respuesta tweet 3,Los libros comunistas estan haciendo efecto ahora jamas regresara el prianato al gobierno
86,2025-06-07,Julio Rodríguez,primera generación estadounidenses atravesó pubertad smartphones internet manos volvió ansiosa depresiva autolesiva suicida estragos pasar infancia basada juego infancia basada teléfono,Generazion Z,negativo,5000,1200,Tweet 4,"La primera generación de estadounidenses que atravesó la pubertad con smartphones (y todo internet) en sus manos, se volvió más ansiosa depresiva, autolesiva y suicida. Son los estragos de pasar de la infancia basada en el juego a la infancia basada en el teléfono"
87,2025-06-07,RedStar_Victoria,tal vez situación económica precarizada 2019 nah nintendos,Generazion Z,negativo,3,300,Respuesta tweet 4,"Y no será tal vez la situación económica más precarizada desde el 2019? Nah, son los nintendos"
88,2025-06-07,Eudaimonia.jd,correlación implica causalidad ojo,Generazion Z,negativo,22,0,Respuesta tweet 4,Correlación no implica causalidad.. ojo con eso
89,2025-06-07,Javier Krick,dudo afecte solo pasaron infancia smartphones adultos hiperconectividad dejó solos nunca bastante evidencia felicidad depresión correlacionan pocos vinculos significativos respectivamente,Generazion Z,negativo,66,5,Respuesta tweet 4,Dudo que afecte solo a los que pasaron la infancia con smartphones. También a los adultos. La hiperconectividad nos dejó a todos más solos que nunca y hay bastante evidencia de que la felicidad/depresión correlacionan con muchos/pocos vinculos significativos (respectivamente).
90,2025-06-07,Dianthus caryophyllus,solo teléfono sistema capitalista cada vez extremo polarizado posibilidades vivir vida digna proyecto vital estable cada vez limitadas,Generazion Z,negativo,33,2,Respuesta tweet 4,"No es solo el teléfono, es un sistema capitalista cada vez más extremo y polarizado donde las posibilidades de vivir una vida digna con un proyecto vital estable son cada vez más limitadas."
91,2025-06-07,Abel,homo videns sartori fábrica cretinos digitales creo acumulando bastante evidencia peligros tecnología niños adolescentes caso creo cuesta prevenir mas lamenta,Generazion Z,negativo,14,5,Respuesta tweet 4,"Desde el “Homo Videns” de Sartori hasta “La fábrica de cretinos digitales”,creo que se está acumulando bastante evidencia de los peligros de la tecnología en los niños y adolescentes.En todo caso creo que poco cuesta prevenir mas que lamenta"
92,2025-06-07,Hubertus Peregrinus,abandono educación hacia hijos jóvenes padres aspecto esencial desarrollo conductas trastornos familia debe ser refugio adolescente aunque cada día disgregación misma,Generazion Z,positivo,11,2,Respuesta tweet 4,"El abandono de la educación (en todos los sentidos) hacia los hijos por los jóvenes padres es un aspecto esencial para el desarrollo de estas conductas y trastornos. La familia debe ser el refugio de todo adolescente, aunque cada día se ve más disgregación en la misma."
93,2025-06-07,Tails,supongo hecho pregunta podría ser caso correlación existan mecanismos causales crisis económica imposibilidad tener vida padres poder emanciparnos sobrediagnostico expliquen mejor,Generazion Z,negativo,11,1,Respuesta tweet 4,"Supongo que ya te habrán hecho la pregunta, pero no podría ser otro caso de correlación? y existan otros mecanismos causales como la crisis económica, imposibilidad de tener una vida como la de nuestros padres, no poder emanciparnos, sobrediagnostico... que lo expliquen mejor"
94,2025-06-07,The Gypsy,usted claro ejemplo phd dan cualquiera pague estudios sabe básico causa correlación apañados meternos analizar cuántos casos salud mental registraban reportaban pasado,Generazion Z,negativo,9,1,Respuesta tweet 4,Usted es el claro ejemplo de que los PhD se los dan a cualquiera que pague. Si con todos sus estudios no sabe lo más básico como causa y correlación estamos apañados. Por no meternos ya en analizar cuántos casos de salud mental se registraban o se reportaban en el pasado
95,2025-06-07,Rufino Centeno ,caso tdah realmente aumentado diagnosticando parece allí ventana múltiples posibilidades,Generazion Z,neutral,10,0,Respuesta tweet 4,En el caso de TDAH realmente habrá aumentado o se está diagnosticando más que antes. Me parece que allí hay una ventana de múltiples posibilidades
96,2025-06-07,Kevin Carter,siento julio voy parar hacer referencia lucha tener todavía experimentación respecto podíamos intuir decían aplaudidos simple razón sector digital trabaja mucha gente vivo escribir demás quieren escuchar leer puedo decir gran mayoría sector digital pura basura intelectual,Generazion Z,negativo,9,0,Respuesta tweet 4,"Lo siento, Julio, no voy a parar de hacer referencia a la lucha que tuvimos muchos sin tener todavía experimentación al respecto, pero sobre lo que ya podíamos intuir, y lo que decían quienes fueron aplaudidos por la simple razón de que en el sector digital trabaja mucha gente. Yo, como no vivo de escribir lo que los demás quieren escuchar o leer, puedo decir que la gran mayoría del sector digital es PURA BASURA INTELECTUAL."
97,2025-06-07,Chelvana,creo precariedad competitividad excesiva violencia socio económica educativa laboral ver estereotipos nulo acceso vivienda digna conciliación nula conciencia social política,Generazion Z,negativo,4,2,Respuesta tweet 4,"Yo creo que la precariedad, la competitividad excesiva, la violencia socio-económica, educativa y laboral tiene mucho más que ver, también los estereotipos y el nulo acceso a una vivienda digna, la conciliación … la nula conciencia social y política"
98,2025-06-07,Mila Gnzls,generación autoritaria viven seguridad mundo real deben pensar lógica algoritmo tres keywords segmentados,Generazion Z,positivo,6,1,Respuesta tweet 4,"También es una generación más autoritaria, viven con la seguridad de que todos en el mundo real deben pensar con la lógica de su algoritmo de tres keywords con las que los tienen segmentados"
99,2025-06-07,Luiselio,ataques tiburón helado come verano quiere decir helados cebo tiburones pensad poquito tuitear,Generazion Z,negativo,7,0,Respuesta tweet 4,"también hay más ataques de tiburón cuando más helado se come, que es en verano, y eso no quiere decir que los helados sean cebo para tiburones. Pensad un poquito antes de tuitear."
100,2025-06-07,Cosmocrator,bueno aquí estudio puede sesgo base criterios diagnósticos publicación dsm 2013 puede explicar gran medida gráficos receten psicofármacos puede deberse,Generazion Z,neutral,7,0,Respuesta tweet 4,"Bueno... aquí el estudio puede que tenga un sesgo de base. Los criterios diagnósticos, sobre todo con la publicación del DSM-V en 2013, puede explicar en gran medida esos gráficos. Que se receten más psicofármacos puede deberse a esto."
101,2025-06-07,Matilde B Lipp,tema serio mucha atención hijos adolescentes debemos enseñarle vivir encontrar satisfactores vida allá redes,Generazion Z,positivo,4,0,Respuesta tweet 4,"Tema serio , mucha atención a nuestros hijos adolescentes. Debemos enseñarle a vivir y a encontrar satisfactores de vida más allá de las redes ."
102,2025-06-07,Raul,lástima correlación implica causalidad falacia correlación,Generazion Z,negativo,4,0,Respuesta tweet 4,Lástima que correlación no implica causalidad. Falacia de correlación
103,2025-06-07,M.M.M,pronto podrá mirar lado pesar presiones industria intereses varios desmedida exposición radiación ionizante peligrosa efectos cerebros formar evidencia científica sobra,Generazion Z,negativo,0,0,Respuesta tweet 4,"Pronto no se podrá mirar para otro lado, a pesar de las presiones de la Industria e intereses varios. La desmedida exposición a radiación no ionizante es muy peligrosa y tiene estos efectos (y muchos más), sobre todo en cerebros sin formar. Hay evidencia científica de sobra."
104,2025-06-07,Antonio Jesús Molina,cuáles variables mediadoras modeladoras estudio plantear argumento causa efecto arriesgado,Generazion Z,neutral,3,0,Respuesta tweet 4,"Cuáles son las variables mediadoras y modeladoras en el estudio? Plantear ese argumento como Causa-Efecto es, como poco, arriesgado"
105,2025-06-07,El Mago del Traje Negro,apagón personas cincuenta cinco abajo decían mismo echado menos móvil hacia abajo hecho adictos supongo,Generazion Z,negativo,1,1,Respuesta tweet 4,"Cuando hubo el apagón las personas de cincuenta y cinco para abajo decían lo mismo, que lo que más habían echado de menos era el móvil. De 55 hacia abajo los han hecho adictos, supongo."
106,2025-06-07,Daniel Valle Basto,importante docente universitario puede compartir enlace fuente referencia investigación gracias,Generazion Z,positivo,1,0,Respuesta tweet 4,IMPORTANTE... soy docente universitario. ¿Puede compartir el enlace de la fuente referencia de esta investigación? GRACIAS
107,2025-06-07,Fco. Javier Ruiz,padres deben implicarse creo quedado solos supervisión,Generazion Z,negativo,2,0,Respuesta tweet 4,"Los padres deben implicarse más, creo que eso por qué se han quedado solos, sin supervisión"
108,2025-06-07,profe,creo recordar 2008 crack financiero quizá digo solo quizá phd motivos,Generazion Z,negativo,2,0,Respuesta tweet 4,"Creo recordar q en 2008 hubo un crack financiero. Quizá (digo solo quizá pq yo no soy ""PhD""), tb sea uno de los motivos."
109,2025-06-07,JustMe,bien consecuencia tener generación entra monopoly lleva horas juego billetes 100,Generazion Z,positivo,2,0,Respuesta tweet 4,Más bien es la consecuencia de tener a una generación que entra cuando el monopoly ya lleva 3 horas de juego con 5 billetes de 100.
110,2025-06-07,Carlos del Valle,enorme desigualdad injusticia nunca sido tan clara nah smartphones,Generazion Z,negativo,0,0,Respuesta tweet 4,"¿Será la enorme desigualdad y que la injusticia nunca había sido tan clara? Nah, son los smartphones…"
111,2025-06-07,Érase una vez aquello,dicen experiencia conocer traumática realiza transición cero absoluto realidad veces dura sistema educativo obliga convivir diversas semi verdades veces redes único medio contrastar,Generazion Z,neutral,0,0,Respuesta tweet 4,"Dicen que la experiencia de conocer es en sí traumática cuando se realiza sin transición entre el cero absoluto y la realidad, que a veces es dura. Pero el sistema educativo ya nos obliga a convivir con diversas semi-verdades, y a veces las redes son el único medio de contrastar."
112,2025-06-07,TheLastUbermensch,ahora prendió gallinero gracias info sigo hace estudiando maestría pedagogía educacion media superior quiero enfocar tesis temas agradezco información compartes libros sugieres voy leer,Generazion Z,positivo,0,0,Respuesta tweet 4,"Ahora sí se te prendió el gallinero XD Gracias por la info, te sigo de hace poco. Estoy estudiando mi maestría en pedagogía en educacion media superior y quiero enfocar mi tesis en estos temas. Agradezco la información que compartes y los libros que sugieres, los voy a leer."
113,2025-06-07,Ruby Belmont,sociópatas descarriados ganas asumir cerca nunca colapso economía capital bueno solo puede acabar cambio forma malo suicidando llevando,Generazion Z,negativo,0,0,Respuesta tweet 4,Todo porque sois unos sociópatas descarriados con 0 ganas de asumir que estamos más cerca que nunca del colapso de la economía del capital Lo bueno? Que esto solo puede acabar con un cambio de una forma u otra Lo malo? que os estáis suicidando y nos estáis llevando con vosotros
114,2025-06-07,Peperlander,condicionado modo desahogos lúdicos deportivos incluso artísticos musicales etc limitado manipulado adaptado general listo enrolarte ahí surge proceso drástico introduciendo dispositivos control,Generazion Z,negativo,0,0,Respuesta tweet 4,"Estabas condicionado de un modo u otro, con algunos desahogos 'lúdicos', deportivos, incluso artísticos, musicales, etc. Pero limitado, manipulado y adaptado, en general; listo para enrolarte. De ahí, surge un proceso más drástico introduciendo 'dispositivos' y un control más..."
115,2025-06-07,Luis,condiciones materiales crean ser puede celulares factor causa últimos años sociedad ido declive constante acercándose fascismo,Generazion Z,negativo,0,0,Respuesta tweet 4,Las condiciones materiales crean al ser. Puede que los celulares sean un factor pero no es la causa. Los últimos 20 años la sociedad ha ido en declive constante y acercándose más y más al fascismo
116,2025-06-07,Laura Bujalance,favor cita fuente entiendo versión castellano obra haidt mimada mente americana enlace comentarios cuestionando trabajo serio presentarlo tal,Generazion Z,negativo,0,0,Respuesta tweet 4,"Por favor, cita la fuente. Entiendo que estás con la versión en castellano de la obra de Haidt. Si es ""La mimada mente americana"" da el enlace. Los comentarios están cuestionando un trabajo que es serio por no presentarlo como tal"
117,2025-06-07,Juan Góngora,consecuencias industria psicológica psiquiátrica cada vez presente vida jóvenes debería,Generazion Z,negativo,0,0,Respuesta tweet 4,"No, son las consecuencias de la industria psicológica y psiquiátrica, cada vez más presente en la vida de los jóvenes cuando no debería."
118,2025-06-07,désenchantée,sube dos motivos gente consciente vulnerabilidades perder miedo pedir ayuda aumento problemas interesante quitar primer efecto,Generazion Z,neutral,0,0,Respuesta tweet 4,Sube por dos motivos: la gente es más consciente de sus vulnerabilidades (perder el miedo a pedir ayuda) y el aumento en sí de los problemas. Sería muy interesante quitar el primer efecto.
119,2025-06-07,Romanos ,diagnostico acelerado primera generación puede ver vivo directo mal mundo miseria injusticia generaciones pasadas podías vivir burbuja felicidad generalmente clase media prácticamente muerte,Generazion Z,negativo,0,0,Respuesta tweet 4,"Diagnostico acelerado... es la primera generación que puede ver en vivo y en directo lo mal que está el mundo, la miseria y la injusticia. Las generaciones pasadas podías vivir en su burbuja de felicidad, generalmente la clase media, prácticamente hasta la muerte."
120,2025-06-07,Xuan,pensemos relación relación uso descubren ocurre bien leen información hablan gente después van médico diagnostican allí antidepresivos cosas así dan caranelos,Generazion Z,negativo,0,0,Respuesta tweet 4,"Pensemos que haya una relación, y si la relación no es el uso en si, si no que descubren que lo que les ocurre no es estar bien, leen información, hablan con gente y después de eso van al médico y les diagnostican. También allí los antidepresivos y cosas así se dan como caranelos"
121,2025-06-07,Aider,vaya condición reporta condición extienden estandarizan análisis diagnósticos sorpresa verdad,Generazion Z,negativo,0,0,Respuesta tweet 4,Oh vaya una condición se reporta más una condición cuando se extienden y estandarizan los análisis y diagnósticos que sorpresa verdad
122,2025-06-07,Capelo,alimentación estilo vida universitarios quizás ver drogas apoyo usan presión social académica económica tasas,Generazion Z,negativo,0,0,Respuesta tweet 4,"alimentación y estilo de vida? Que sean universitarios quizás tb tenga algo que ver con las ""drogas"" de apoyo que se usan o la presión social/académica/económica por las tasas..."
123,2025-06-07,CaroMan,brutos pensamiento propio incultos apenas saben hacer suma resta entienden leen llegan leer boludez videos idiotas cuantos likes generación idiota,Generazion Z,negativo,0,0,Respuesta tweet 4,"Son brutos, no tienen pensamiento propio, incultos y apenas si saben hacer una suma y resta. No entienden lo q leen, eso sí llegan a leer algo. Están en la boludez de videos idiotas y cuantos likes tienen....generación idiota"
124,2025-06-07,Juan Pablo Noriega,solo mundo frenético vive ahora,Generazion Z,neutral,0,0,Respuesta tweet 4,Es solo eso? O también será el mundo frenético en el que se vive ahora?
125,2025-06-07,AMSan,pantallas adormecimiento conciencia clase bombardeo dopamina rrss vacías alimentar tardo capitalismo acabará devorándonos,Generazion Z,negativo,0,0,Respuesta tweet 4,"Las pantallas o el adormecimiento de la conciencia de clase por el bombardeo de dopamina, RRSS vacías y el alimentar a un tardo capitalismo que acabará devorándonos a todos?"
